Workbook

Sheet README
A1: Ready-to-deploy package overview
A3: 1. This workbook is the operating index for all 144 townhome units.
A4: 2. The folder tree mirrors the plat by building, then by unit address.
A5: 3. Unit_Master is the main working sheet. Blue cells are user inputs. Black cells are formulas.
A6: 4. Board_Dashboard summarizes immediate action, follow-up, and complete units.
A7: 5. Buildings 14, 17, and 21 include addresses inferred from the plat image and should be verified before final rollout.
A8: 4. Review_Summary, Address_Review_List, and Building_Checklist were added during cleanup to speed board verification.
A9: 5. Board_Dashboard formulas for insurance renewal and acknowledgment exceptions were corrected.
A10: 6. Review-flagged rows are highlighted in Unit_Master and should be confirmed before live deployment.

Sheet Review_Summary
A1: QVTH Tracker Review Summary
A3: Review date | B3: 2026-04-12
A4: Source workbook | B4: QVTH_Master_Tracker.xlsx
A5: Total units | B5: =COUNTA(Unit_Master!A2:A145) -> 144
A6: Total buildings | B6: =SUM(Building_Checklist!B2:B26) -> 144
A7: Addresses flagged for review | B7: =COUNTIF(Unit_Master!H2:H145,"Review") -> 17
A8: Buildings with at least 1 review item | B8: =SUMPRODUCT((Building_Checklist!D2:D26>0)*1) -> 3
A9: Primary review focus | B9: Buildings 14, 17, and 21
A10: Recommended next step | B10: Verify flagged rows against plat/deed/tax records before live Google Drive rollout
A12: What was cleaned
A13: • Confirmed workbook structure and preserved all 144 unit records.
A14: • Corrected Board_Dashboard formulas for insurance and acknowledgment metrics.
A15: • Separated review rows into a dedicated exception list for faster board verification.
A16: • Highlighted all review-flagged rows in Unit_Master for easier screening.

Sheet Address_Review_List
A1: Unit ID | B1: Building No. | C1: Street | D1: House No. | E1: Draft Unit Address | F1: Folder Relative Path | G1: Current Flag | H1: Verification Needed | I1: Recommended Source | J1: Reviewer Decision | K1: Verified Building No. | L1: Verified Unit Address | M1: Notes
A2: B14-U01 | B2: 14 | C2: Princess Lane | D2: 2513 | E2: 2513 Princess Lane | F2: 02_UNITS_BY_BUILDING/Building_14/2513_Princess_Ln | G2: Review | H2: Confirm building/address match from plat and ownership records | I2: Plat image + county tax/deed record
A3: B14-U02 | B3: 14 | C3: Princess Lane | D3: 2515 | E3: 2515 Princess Lane | F3: 02_UNITS_BY_BUILDING/Building_14/2515_Princess_Ln | G3: Review | H3: Confirm building/address match from plat and ownership records | I3: Plat image + county tax/deed record
A4: B14-U03 | B4: 14 | C4: Princess Lane | D4: 2517 | E4: 2517 Princess Lane | F4: 02_UNITS_BY_BUILDING/Building_14/2517_Princess_Ln | G4: Review | H4: Confirm building/address match from plat and ownership records | I4: Plat image + county tax/deed record
A5: B14-U04 | B5: 14 | C5: Princess Lane | D5: 2519 | E5: 2519 Princess Lane | F5: 02_UNITS_BY_BUILDING/Building_14/2519_Princess_Ln | G5: Review | H5: Confirm building/address match from plat and ownership records | I5: Plat image + county tax/deed record
A6: B14-U05 | B6: 14 | C6: Princess Lane | D6: 2521 | E6: 2521 Princess Lane | F6: 02_UNITS_BY_BUILDING/Building_14/2521_Princess_Ln | G6: Review | H6: Confirm building/address match from plat and ownership records | I6: Plat image + county tax/deed record
A7: B14-U06 | B7: 14 | C7: Princess Lane | D7: 2523 | E7: 2523 Princess Lane | F7: 02_UNITS_BY_BUILDING/Building_14/2523_Princess_Ln | G7: Review | H7: Confirm building/address match from plat and ownership records | I7: Plat image + county tax/deed record
A8: B17-U01 | B8: 17 | C8: Yorktown Lane | D8: 2613 | E8: 2613 Yorktown Lane | F8: 02_UNITS_BY_BUILDING/Building_17/2613_Yorktown_Ln | G8: Review | H8: Confirm building/address match from plat and ownership records | I8: Plat image + county tax/deed record
A9: B17-U02 | B9: 17 | C9: Yorktown Lane | D9: 2615 | E9: 2615 Yorktown Lane | F9: 02_UNITS_BY_BUILDING/Building_17/2615_Yorktown_Ln | G9: Review | H9: Confirm building/address match from plat and ownership records | I9: Plat image + county tax/deed record
A10: B17-U03 | B10: 17 | C10: Yorktown Lane | D10: 2617 | E10: 2617 Yorktown Lane | F10: 02_UNITS_BY_BUILDING/Building_17/2617_Yorktown_Ln | G10: Review | H10: Confirm building/address match from plat and ownership records | I10: Plat image + county tax/deed record
A11: B17-U04 | B11: 17 | C11: Yorktown Lane | D11: 2619 | E11: 2619 Yorktown Lane | F11: 02_UNITS_BY_BUILDING/Building_17/2619_Yorktown_Ln | G11: Review | H11: Confirm building/address match from plat and ownership records | I11: Plat image + county tax/deed record
A12: B17-U05 | B12: 17 | C12: Yorktown Lane | D12: 2621 | E12: 2621 Yorktown Lane | F12: 02_UNITS_BY_BUILDING/Building_17/2621_Yorktown_Ln | G12: Review | H12: Confirm building/address match from plat and ownership records | I12: Plat image + county tax/deed record
A13: B17-U06 | B13: 17 | C13: Yorktown Lane | D13: 2623 | E13: 2623 Yorktown Lane | F13: 02_UNITS_BY_BUILDING/Building_17/2623_Yorktown_Ln | G13: Review | H13: Confirm building/address match from plat and ownership records | I13: Plat image + county tax/deed record
... A18: B21-U05 | B18: 21 | C18: Princess Lane | D18: 2826 | E18: 2826 Princess Lane | F18: 02_UNITS_BY_BUILDING/Building_21/2826_Princess_Ln | G18: Review | H18: Confirm building/address match from plat and ownership records | I18: Plat image + county tax/deed record

Sheet Building_Checklist
A1: Building No. | B1: Unit Count | C1: Address Range | D1: Review Count | E1: Review Needed? | F1: Notes
A2: 1 | B2: 7 | C2: 2402 Hampshire Lane to 2414 Hampshire Lane | D2: 0 | E2: No
A3: 2 | B3: 6 | C3: 2502 Hampshire Lane to 2512 Hampshire Lane | D3: 0 | E3: No
A4: 3 | B4: 6 | C4: 2930 Camelot Lane to 2940 Camelot Lane | D4: 0 | E4: No
A5: 4 | B5: 6 | C5: 2716 Camelot Lane to 2726 Camelot Lane | D5: 0 | E5: No
A6: 5 | B6: 5 | C6: 2902 Camelot Lane to 2910 Camelot Lane | D6: 0 | E6: No
A7: 6 | B7: 6 | C7: 2816 Camelot Lane to 2826 Camelot Lane | D7: 0 | E7: No
A8: 7 | B8: 6 | C8: 2802 Camelot Lane to 2812 Camelot Lane | D8: 0 | E8: No
A9: 8 | B9: 7 | C9: 2803 Camelot Lane to 2815 Camelot Lane | D9: 0 | E9: No
A10: 9 | B10: 6 | C10: 2819 Camelot Lane to 2829 Camelot Lane | D10: 0 | E10: No
A11: 10 | B11: 5 | C11: 2911 Camelot Lane to 2919 Camelot Lane | D11: 0 | E11: No
A12: 11 | B12: 6 | C12: 2921 Camelot Lane to 2931 Camelot Lane | D12: 0 | E12: No
A13: 12 | B13: 5 | C13: 2912 Nottingham Lane to 2920 Nottingham Lane | D13: 0 | E13: No
A14: 13 | B14: 5 | C14: 2902 Nottingham Lane to 2910 Nottingham Lane | D14: 0 | E14: No
A15: 14 | B15: 6 | C15: 2513 Princess Lane to 2523 Princess Lane | D15: 6 | E15: Yes | F15: Verify this building before final rollout
A16: 15 | B16: 5 | C16: 2802 Nottingham Lane to 2810 Nottingham Lane | D16: 0 | E16: No
A17: 16 | B17: 5 | C17: 2603 Yorktown Lane to 2611 Yorktown Lane | D17: 0 | E17: No
A18: 17 | B18: 6 | C18: 2613 Yorktown Lane to 2623 Yorktown Lane | D18: 6 | E18: Yes | F18: Verify this building before final rollout
A19: 18 | B19: 6 | C19: 2803 Cambridge Lane to 2813 Cambridge Lane | D19: 0 | E19: No
A20: 19 | B20: 6 | C20: 2817 Cambridge Lane to 2827 Cambridge Lane | D20: 0 | E20: No
A21: 20 | B21: 5 | C21: 2806 Cambridge Lane to 2814 Cambridge Lane | D21: 0 | E21: No
A22: 21 | B22: 5 | C22: 2818 Princess Lane to 2826 Princess Lane | D22: 5 | E22: Yes | F22: Verify this building before final rollout
A23: 22 | B23: 7 | C23: 2602 Princess Lane to 2614 Princess Lane | D23: 0 | E23: No
A24: 23 | B24: 5 | C24: 2903 Nottingham Lane to 2911 Nottingham Lane | D24: 0 | E24: No
A25: 24 | B25: 6 | C25: 2913 Nottingham Lane to 2923 Nottingham Lane | D25: 0 | E25: No
A26: 25 | B26: 6 | C26: 2910 Nottingham Lane to 2920 Nottingham Lane | D26: 0 | E26: No

Sheet Unit_Master
A1: Unit ID | B1: Building No. | C1: Street | D1: House No. | E1: Unit Address | F1: Folder Relative Path | G1: Folder Name | H1: Address Verification Flag | I1: Owner Last Name | J1: Owner First Name | K1: Entity/Trust Name | L1: Mailing Street | M1: Mailing City | N1: Mailing State | O1: Mailing ZIP | P1: Owner Email Primary | Q1: Owner Email Secondary | R1: Owner Phone Primary | S1: Owner Phone Secondary | T1: Emergency Contact Name | U1: Emergency Contact Phone | V1: Occupancy Type | W1: Tenant Name | X1: Tenant Email | Y1: Tenant Phone | Z1: Insurance on File | AA1: Declarations Page on File | AB1: Insurance Carrier | AC1: Policy Number | AD1: Policy Effective Date | AE1: Policy Expiration Date | AF1: Liability Coverage Verified | AG1: Dwelling Coverage Verified | AH1: Loss Assessment Verified | AI1: Water Backup Verified | AJ1: Insurance Acknowledgment Signed | AK1: Rules Acknowledgment Signed | AL1: Signature/Checkoff Complete | AM1: Renter Registration Complete | AN1: Last Roof Inspection Date | AO1: Roof Condition | AP1: Active Leak/Open Roof Issue | AQ1: Last Roof Repair Date | AR1: Roof Replacement Date | AS1: Roof Warranty Expiration | AT1: Open Compliance Case | AU1: Compliance Case Type | AV1: Board Review Needed | AW1: Last Updated By | AX1: Last Updated Date | AY1: Unit Notes | AZ1: Owner Contact Status | BA1: Insurance Status | BB1: Acknowledgment Status | BC1: Roof Action Status | BD1: Compliance Status | BE1: Overall Board Action | BF1: Priority Score
A2: B01-U01 | B2: 1 | C2: Hampshire Lane | D2: 2402 | E2: 2402 Hampshire Lane | F2: 02_UNITS_BY_BUILDING/Building_01/2402_Hampshire_Ln | G2: 2402_Hampshire_Ln | H2: OK | V2: Owner Occupied | Z2: No | AA2: No | AF2: No | AG2: No | AH2: No | AI2: No | AJ2: No | AK2: No | AL2: No | AM2: No | AO2: Healthy | AP2: No | AT2: No | AV2: No | AZ2: =IF(AND(I2<>"",P2<>"",R2<>""),"Complete",IF(COUNTA(I2:R2)=0,"Missing","Partial")) -> Missing | BA2: =IF(OR(Z2<>"Yes",AA2<>"Yes",AE2=""),"Missing",IF(AE2<TODAY(),"Expired",IF(AE2<=TODAY()+30,"Renewal <30d",IF(AND(AF2="Yes",AG2="Yes",AJ2="Yes"),"Verified","Review")))) -> Missing | BB2: =IF(AND(AJ2="Yes",AK2="Yes",AL2="Yes",OR(V2<>"Tenant",AM2="Yes")),"Complete",IF(COUNTIF(AJ2:AM2,"Yes")=0,"Missing","Partial")) -> Missing | BC2: =IF(AP2="Yes","Active Issue",IF(AN2="Replacement Risk","Replacement Risk",IF(AN2="Repair Needed","Repair Needed",IF(AN2="Monitor","Monitor","OK")))) -> OK | BD2: =IF(AT2="Yes","Open Case",IF(AV2="Yes","Board Review","Clear")) -> Clear | BE2: =IF(OR(BB2="Missing",BB2="Expired",BD2="Active Issue",BD2="Replacement Risk",BE2="Open Case",BC2="Missing"),"Immediate Action",IF(OR(BB2="Renewal <30d",BB2="Review",BC2="Partial",BD2="Monitor",BE2="Board Review",BA2="Partial"),"Follow Up","Complete")) | BF2: =(BA2<>"Complete")*1+(OR(BB2="Missing",BB2="Expired"))*3+(BB2="Renewal <30d")*2+(BC2<>"Complete")*2+(OR(BD2="Active Issue",BD2="Replacement Risk"))*3+(BE2<>"Clear")*2+(H2="Review")*1
A3: B01-U02 | B3: 1 | C3: Hampshire Lane | D3: 2404 | E3: 2404 Hampshire Lane | F3: 02_UNITS_BY_BUILDING/Building_01/2404_Hampshire_Ln | G3: 2404_Hampshire_Ln | H3: OK | V3: Owner Occupied | Z3: No | AA3: No | AF3: No | AG3: No | AH3: No | AI3: No | AJ3: No | AK3: No | AL3: No | AM3: No | AO3: Healthy | AP3: No | AT3: No | AV3: No | AZ3: =IF(AND(I3<>"",P3<>"",R3<>""),"Complete",IF(COUNTA(I3:R3)=0,"Missing","Partial")) -> Missing | BA3: =IF(OR(Z3<>"Yes",AA3<>"Yes",AE3=""),"Missing",IF(AE3<TODAY(),"Expired",IF(AE3<=TODAY()+30,"Renewal <30d",IF(AND(AF3="Yes",AG3="Yes",AJ3="Yes"),"Verified","Review")))) -> Missing | BB3: =IF(AND(AJ3="Yes",AK3="Yes",AL3="Yes",OR(V3<>"Tenant",AM3="Yes")),"Complete",IF(COUNTIF(AJ3:AM3,"Yes")=0,"Missing","Partial")) -> Missing | BC3: =IF(AP3="Yes","Active Issue",IF(AN3="Replacement Risk","Replacement Risk",IF(AN3="Repair Needed","Repair Needed",IF(AN3="Monitor","Monitor","OK")))) -> OK | BD3: =IF(AT3="Yes","Open Case",IF(AV3="Yes","Board Review","Clear")) -> Clear | BE3: =IF(OR(BB3="Missing",BB3="Expired",BD3="Active Issue",BD3="Replacement Risk",BE3="Open Case",BC3="Missing"),"Immediate Action",IF(OR(BB3="Renewal <30d",BB3="Review",BC3="Partial",BD3="Monitor",BE3="Board Review",BA3="Partial"),"Follow Up","Complete")) | BF3: =(BA3<>"Complete")*1+(OR(BB3="Missing",BB3="Expired"))*3+(BB3="Renewal <30d")*2+(BC3<>"Complete")*2+(OR(BD3="Active Issue",BD3="Replacement Risk"))*3+(BE3<>"Clear")*2+(H3="Review")*1
A4: B01-U03 | B4: 1 | C4: Hampshire Lane | D4: 2406 | E4: 2406 Hampshire Lane | F4: 02_UNITS_BY_BUILDING/Building_01/2406_Hampshire_Ln | G4: 2406_Hampshire_Ln | H4: OK | V4: Owner Occupied | Z4: No | AA4: No | AF4: No | AG4: No | AH4: No | AI4: No | AJ4: No | AK4: No | AL4: No | AM4: No | AO4: Healthy | AP4: No | AT4: No | AV4: No | AZ4: =IF(AND(I4<>"",P4<>"",R4<>""),"Complete",IF(COUNTA(I4:R4)=0,"Missing","Partial")) -> Missing | BA4: =IF(OR(Z4<>"Yes",AA4<>"Yes",AE4=""),"Missing",IF(AE4<TODAY(),"Expired",IF(AE4<=TODAY()+30,"Renewal <30d",IF(AND(AF4="Yes",AG4="Yes",AJ4="Yes"),"Verified","Review")))) -> Missing | BB4: =IF(AND(AJ4="Yes",AK4="Yes",AL4="Yes",OR(V4<>"Tenant",AM4="Yes")),"Complete",IF(COUNTIF(AJ4:AM4,"Yes")=0,"Missing","Partial")) -> Missing | BC4: =IF(AP4="Yes","Active Issue",IF(AN4="Replacement Risk","Replacement Risk",IF(AN4="Repair Needed","Repair Needed",IF(AN4="Monitor","Monitor","OK")))) -> OK | BD4: =IF(AT4="Yes","Open Case",IF(AV4="Yes","Board Review","Clear")) -> Clear | BE4: =IF(OR(BB4="Missing",BB4="Expired",BD4="Active Issue",BD4="Replacement Risk",BE4="Open Case",BC4="Missing"),"Immediate Action",IF(OR(BB4="Renewal <30d",BB4="Review",BC4="Partial",BD4="Monitor",BE4="Board Review",BA4="Partial"),"Follow Up","Complete")) | BF4: =(BA4<>"Complete")*1+(OR(BB4="Missing",BB4="Expired"))*3+(BB4="Renewal <30d")*2+(BC4<>"Complete")*2+(OR(BD4="Active Issue",BD4="Replacement Risk"))*3+(BE4<>"Clear")*2+(H4="Review")*1
A5: B01-U04 | B5: 1 | C5: Hampshire Lane | D5: 2408 | E5: 2408 Hampshire Lane | F5: 02_UNITS_BY_BUILDING/Building_01/2408_Hampshire_Ln | G5: 2408_Hampshire_Ln | H5: OK | V5: Owner Occupied | Z5: No | AA5: No | AF5: No | AG5: No | AH5: No | AI5: No | AJ5: No | AK5: No | AL5: No | AM5: No | AO5: Healthy | AP5: No | AT5: No | AV5: No | AZ5: =IF(AND(I5<>"",P5<>"",R5<>""),"Complete",IF(COUNTA(I5:R5)=0,"Missing","Partial")) -> Missing | BA5: =IF(OR(Z5<>"Yes",AA5<>"Yes",AE5=""),"Missing",IF(AE5<TODAY(),"Expired",IF(AE5<=TODAY()+30,"Renewal <30d",IF(AND(AF5="Yes",AG5="Yes",AJ5="Yes"),"Verified","Review")))) -> Missing | BB5: =IF(AND(AJ5="Yes",AK5="Yes",AL5="Yes",OR(V5<>"Tenant",AM5="Yes")),"Complete",IF(COUNTIF(AJ5:AM5,"Yes")=0,"Missing","Partial")) -> Missing | BC5: =IF(AP5="Yes","Active Issue",IF(AN5="Replacement Risk","Replacement Risk",IF(AN5="Repair Needed","Repair Needed",IF(AN5="Monitor","Monitor","OK")))) -> OK | BD5: =IF(AT5="Yes","Open Case",IF(AV5="Yes","Board Review","Clear")) -> Clear | BE5: =IF(OR(BB5="Missing",BB5="Expired",BD5="Active Issue",BD5="Replacement Risk",BE5="Open Case",BC5="Missing"),"Immediate Action",IF(OR(BB5="Renewal <30d",BB5="Review",BC5="Partial",BD5="Monitor",BE5="Board Review",BA5="Partial"),"Follow Up","Complete")) | BF5: =(BA5<>"Complete")*1+(OR(BB5="Missing",BB5="Expired"))*3+(BB5="Renewal <30d")*2+(BC5<>"Complete")*2+(OR(BD5="Active Issue",BD5="Replacement Risk"))*3+(BE5<>"Clear")*2+(H5="Review")*1
A6: B01-U05 | B6: 1 | C6: Hampshire Lane | D6: 2410 | E6: 2410 Hampshire Lane | F6: 02_UNITS_BY_BUILDING/Building_01/2410_Hampshire_Ln | G6: 2410_Hampshire_Ln | H6: OK | V6: Owner Occupied | Z6: No | AA6: No | AF6: No | AG6: No | AH6: No | AI6: No | AJ6: No | AK6: No | AL6: No | AM6: No | AO6: Healthy | AP6: No | AT6: No | AV6: No | AZ6: =IF(AND(I6<>"",P6<>"",R6<>""),"Complete",IF(COUNTA(I6:R6)=0,"Missing","Partial")) -> Missing | BA6: =IF(OR(Z6<>"Yes",AA6<>"Yes",AE6=""),"Missing",IF(AE6<TODAY(),"Expired",IF(AE6<=TODAY()+30,"Renewal <30d",IF(AND(AF6="Yes",AG6="Yes",AJ6="Yes"),"Verified","Review")))) -> Missing | BB6: =IF(AND(AJ6="Yes",AK6="Yes",AL6="Yes",OR(V6<>"Tenant",AM6="Yes")),"Complete",IF(COUNTIF(AJ6:AM6,"Yes")=0,"Missing","Partial")) -> Missing | BC6: =IF(AP6="Yes","Active Issue",IF(AN6="Replacement Risk","Replacement Risk",IF(AN6="Repair Needed","Repair Needed",IF(AN6="Monitor","Monitor","OK")))) -> OK | BD6: =IF(AT6="Yes","Open Case",IF(AV6="Yes","Board Review","Clear")) -> Clear | BE6: =IF(OR(BB6="Missing",BB6="Expired",BD6="Active Issue",BD6="Replacement Risk",BE6="Open Case",BC6="Missing"),"Immediate Action",IF(OR(BB6="Renewal <30d",BB6="Review",BC6="Partial",BD6="Monitor",BE6="Board Review",BA6="Partial"),"Follow Up","Complete")) | BF6: =(BA6<>"Complete")*1+(OR(BB6="Missing",BB6="Expired"))*3+(BB6="Renewal <30d")*2+(BC6<>"Complete")*2+(OR(BD6="Active Issue",BD6="Replacement Risk"))*3+(BE6<>"Clear")*2+(H6="Review")*1
A7: B01-U06 | B7: 1 | C7: Hampshire Lane | D7: 2412 | E7: 2412 Hampshire Lane | F7: 02_UNITS_BY_BUILDING/Building_01/2412_Hampshire_Ln | G7: 2412_Hampshire_Ln | H7: OK | V7: Owner Occupied | Z7: No | AA7: No | AF7: No | AG7: No | AH7: No | AI7: No | AJ7: No | AK7: No | AL7: No | AM7: No | AO7: Healthy | AP7: No | AT7: No | AV7: No | AZ7: =IF(AND(I7<>"",P7<>"",R7<>""),"Complete",IF(COUNTA(I7:R7)=0,"Missing","Partial")) -> Missing | BA7: =IF(OR(Z7<>"Yes",AA7<>"Yes",AE7=""),"Missing",IF(AE7<TODAY(),"Expired",IF(AE7<=TODAY()+30,"Renewal <30d",IF(AND(AF7="Yes",AG7="Yes",AJ7="Yes"),"Verified","Review")))) -> Missing | BB7: =IF(AND(AJ7="Yes",AK7="Yes",AL7="Yes",OR(V7<>"Tenant",AM7="Yes")),"Complete",IF(COUNTIF(AJ7:AM7,"Yes")=0,"Missing","Partial")) -> Missing | BC7: =IF(AP7="Yes","Active Issue",IF(AN7="Replacement Risk","Replacement Risk",IF(AN7="Repair Needed","Repair Needed",IF(AN7="Monitor","Monitor","OK")))) -> OK | BD7: =IF(AT7="Yes","Open Case",IF(AV7="Yes","Board Review","Clear")) -> Clear | BE7: =IF(OR(BB7="Missing",BB7="Expired",BD7="Active Issue",BD7="Replacement Risk",BE7="Open Case",BC7="Missing"),"Immediate Action",IF(OR(BB7="Renewal <30d",BB7="Review",BC7="Partial",BD7="Monitor",BE7="Board Review",BA7="Partial"),"Follow Up","Complete")) | BF7: =(BA7<>"Complete")*1+(OR(BB7="Missing",BB7="Expired"))*3+(BB7="Renewal <30d")*2+(BC7<>"Complete")*2+(OR(BD7="Active Issue",BD7="Replacement Risk"))*3+(BE7<>"Clear")*2+(H7="Review")*1
A8: B01-U07 | B8: 1 | C8: Hampshire Lane | D8: 2414 | E8: 2414 Hampshire Lane | F8: 02_UNITS_BY_BUILDING/Building_01/2414_Hampshire_Ln | G8: 2414_Hampshire_Ln | H8: OK | V8: Owner Occupied | Z8: No | AA8: No | AF8: No | AG8: No | AH8: No | AI8: No | AJ8: No | AK8: No | AL8: No | AM8: No | AO8: Healthy | AP8: No | AT8: No | AV8: No | AZ8: =IF(AND(I8<>"",P8<>"",R8<>""),"Complete",IF(COUNTA(I8:R8)=0,"Missing","Partial")) -> Missing | BA8: =IF(OR(Z8<>"Yes",AA8<>"Yes",AE8=""),"Missing",IF(AE8<TODAY(),"Expired",IF(AE8<=TODAY()+30,"Renewal <30d",IF(AND(AF8="Yes",AG8="Yes",AJ8="Yes"),"Verified","Review")))) -> Missing | BB8: =IF(AND(AJ8="Yes",AK8="Yes",AL8="Yes",OR(V8<>"Tenant",AM8="Yes")),"Complete",IF(COUNTIF(AJ8:AM8,"Yes")=0,"Missing","Partial")) -> Missing | BC8: =IF(AP8="Yes","Active Issue",IF(AN8="Replacement Risk","Replacement Risk",IF(AN8="Repair Needed","Repair Needed",IF(AN8="Monitor","Monitor","OK")))) -> OK | BD8: =IF(AT8="Yes","Open Case",IF(AV8="Yes","Board Review","Clear")) -> Clear | BE8: =IF(OR(BB8="Missing",BB8="Expired",BD8="Active Issue",BD8="Replacement Risk",BE8="Open Case",BC8="Missing"),"Immediate Action",IF(OR(BB8="Renewal <30d",BB8="Review",BC8="Partial",BD8="Monitor",BE8="Board Review",BA8="Partial"),"Follow Up","Complete")) | BF8: =(BA8<>"Complete")*1+(OR(BB8="Missing",BB8="Expired"))*3+(BB8="Renewal <30d")*2+(BC8<>"Complete")*2+(OR(BD8="Active Issue",BD8="Replacement Risk"))*3+(BE8<>"Clear")*2+(H8="Review")*1
A9: B02-U01 | B9: 2 | C9: Hampshire Lane | D9: 2502 | E9: 2502 Hampshire Lane | F9: 02_UNITS_BY_BUILDING/Building_02/2502_Hampshire_Ln | G9: 2502_Hampshire_Ln | H9: OK | V9: Owner Occupied | Z9: No | AA9: No | AF9: No | AG9: No | AH9: No | AI9: No | AJ9: No | AK9: No | AL9: No | AM9: No | AO9: Healthy | AP9: No | AT9: No | AV9: No | AZ9: =IF(AND(I9<>"",P9<>"",R9<>""),"Complete",IF(COUNTA(I9:R9)=0,"Missing","Partial")) -> Missing | BA9: =IF(OR(Z9<>"Yes",AA9<>"Yes",AE9=""),"Missing",IF(AE9<TODAY(),"Expired",IF(AE9<=TODAY()+30,"Renewal <30d",IF(AND(AF9="Yes",AG9="Yes",AJ9="Yes"),"Verified","Review")))) -> Missing | BB9: =IF(AND(AJ9="Yes",AK9="Yes",AL9="Yes",OR(V9<>"Tenant",AM9="Yes")),"Complete",IF(COUNTIF(AJ9:AM9,"Yes")=0,"Missing","Partial")) -> Missing | BC9: =IF(AP9="Yes","Active Issue",IF(AN9="Replacement Risk","Replacement Risk",IF(AN9="Repair Needed","Repair Needed",IF(AN9="Monitor","Monitor","OK")))) -> OK | BD9: =IF(AT9="Yes","Open Case",IF(AV9="Yes","Board Review","Clear")) -> Clear | BE9: =IF(OR(BB9="Missing",BB9="Expired",BD9="Active Issue",BD9="Replacement Risk",BE9="Open Case",BC9="Missing"),"Immediate Action",IF(OR(BB9="Renewal <30d",BB9="Review",BC9="Partial",BD9="Monitor",BE9="Board Review",BA9="Partial"),"Follow Up","Complete")) | BF9: =(BA9<>"Complete")*1+(OR(BB9="Missing",BB9="Expired"))*3+(BB9="Renewal <30d")*2+(BC9<>"Complete")*2+(OR(BD9="Active Issue",BD9="Replacement Risk"))*3+(BE9<>"Clear")*2+(H9="Review")*1
A10: B02-U02 | B10: 2 | C10: Hampshire Lane | D10: 2504 | E10: 2504 Hampshire Lane | F10: 02_UNITS_BY_BUILDING/Building_02/2504_Hampshire_Ln | G10: 2504_Hampshire_Ln | H10: OK | V10: Owner Occupied | Z10: No | AA10: No | AF10: No | AG10: No | AH10: No | AI10: No | AJ10: No | AK10: No | AL10: No | AM10: No | AO10: Healthy | AP10: No | AT10: No | AV10: No | AZ10: =IF(AND(I10<>"",P10<>"",R10<>""),"Complete",IF(COUNTA(I10:R10)=0,"Missing","Partial")) -> Missing | BA10: =IF(OR(Z10<>"Yes",AA10<>"Yes",AE10=""),"Missing",IF(AE10<TODAY(),"Expired",IF(AE10<=TODAY()+30,"Renewal <30d",IF(AND(AF10="Yes",AG10="Yes",AJ10="Yes"),"Verified","Review")))) -> Missing | BB10: =IF(AND(AJ10="Yes",AK10="Yes",AL10="Yes",OR(V10<>"Tenant",AM10="Yes")),"Complete",IF(COUNTIF(AJ10:AM10,"Yes")=0,"Missing","Partial")) -> Missing | BC10: =IF(AP10="Yes","Active Issue",IF(AN10="Replacement Risk","Replacement Risk",IF(AN10="Repair Needed","Repair Needed",IF(AN10="Monitor","Monitor","OK")))) -> OK | BD10: =IF(AT10="Yes","Open Case",IF(AV10="Yes","Board Review","Clear")) -> Clear | BE10: =IF(OR(BB10="Missing",BB10="Expired",BD10="Active Issue",BD10="Replacement Risk",BE10="Open Case",BC10="Missing"),"Immediate Action",IF(OR(BB10="Renewal <30d",BB10="Review",BC10="Partial",BD10="Monitor",BE10="Board Review",BA10="Partial"),"Follow Up","Complete")) | BF10: =(BA10<>"Complete")*1+(OR(BB10="Missing",BB10="Expired"))*3+(BB10="Renewal <30d")*2+(BC10<>"Complete")*2+(OR(BD10="Active Issue",BD10="Replacement Risk"))*3+(BE10<>"Clear")*2+(H10="Review")*1
A11: B02-U03 | B11: 2 | C11: Hampshire Lane | D11: 2506 | E11: 2506 Hampshire Lane | F11: 02_UNITS_BY_BUILDING/Building_02/2506_Hampshire_Ln | G11: 2506_Hampshire_Ln | H11: OK | V11: Owner Occupied | Z11: No | AA11: No | AF11: No | AG11: No | AH11: No | AI11: No | AJ11: No | AK11: No | AL11: No | AM11: No | AO11: Healthy | AP11: No | AT11: No | AV11: No | AZ11: =IF(AND(I11<>"",P11<>"",R11<>""),"Complete",IF(COUNTA(I11:R11)=0,"Missing","Partial")) -> Missing | BA11: =IF(OR(Z11<>"Yes",AA11<>"Yes",AE11=""),"Missing",IF(AE11<TODAY(),"Expired",IF(AE11<=TODAY()+30,"Renewal <30d",IF(AND(AF11="Yes",AG11="Yes",AJ11="Yes"),"Verified","Review")))) -> Missing | BB11: =IF(AND(AJ11="Yes",AK11="Yes",AL11="Yes",OR(V11<>"Tenant",AM11="Yes")),"Complete",IF(COUNTIF(AJ11:AM11,"Yes")=0,"Missing","Partial")) -> Missing | BC11: =IF(AP11="Yes","Active Issue",IF(AN11="Replacement Risk","Replacement Risk",IF(AN11="Repair Needed","Repair Needed",IF(AN11="Monitor","Monitor","OK")))) -> OK | BD11: =IF(AT11="Yes","Open Case",IF(AV11="Yes","Board Review","Clear")) -> Clear | BE11: =IF(OR(BB11="Missing",BB11="Expired",BD11="Active Issue",BD11="Replacement Risk",BE11="Open Case",BC11="Missing"),"Immediate Action",IF(OR(BB11="Renewal <30d",BB11="Review",BC11="Partial",BD11="Monitor",BE11="Board Review",BA11="Partial"),"Follow Up","Complete")) | BF11: =(BA11<>"Complete")*1+(OR(BB11="Missing",BB11="Expired"))*3+(BB11="Renewal <30d")*2+(BC11<>"Complete")*2+(OR(BD11="Active Issue",BD11="Replacement Risk"))*3+(BE11<>"Clear")*2+(H11="Review")*1
A12: B02-U04 | B12: 2 | C12: Hampshire Lane | D12: 2508 | E12: 2508 Hampshire Lane | F12: 02_UNITS_BY_BUILDING/Building_02/2508_Hampshire_Ln | G12: 2508_Hampshire_Ln | H12: OK | V12: Owner Occupied | Z12: No | AA12: No | AF12: No | AG12: No | AH12: No | AI12: No | AJ12: No | AK12: No | AL12: No | AM12: No | AO12: Healthy | AP12: No | AT12: No | AV12: No | AZ12: =IF(AND(I12<>"",P12<>"",R12<>""),"Complete",IF(COUNTA(I12:R12)=0,"Missing","Partial")) -> Missing | BA12: =IF(OR(Z12<>"Yes",AA12<>"Yes",AE12=""),"Missing",IF(AE12<TODAY(),"Expired",IF(AE12<=TODAY()+30,"Renewal <30d",IF(AND(AF12="Yes",AG12="Yes",AJ12="Yes"),"Verified","Review")))) -> Missing | BB12: =IF(AND(AJ12="Yes",AK12="Yes",AL12="Yes",OR(V12<>"Tenant",AM12="Yes")),"Complete",IF(COUNTIF(AJ12:AM12,"Yes")=0,"Missing","Partial")) -> Missing | BC12: =IF(AP12="Yes","Active Issue",IF(AN12="Replacement Risk","Replacement Risk",IF(AN12="Repair Needed","Repair Needed",IF(AN12="Monitor","Monitor","OK")))) -> OK | BD12: =IF(AT12="Yes","Open Case",IF(AV12="Yes","Board Review","Clear")) -> Clear | BE12: =IF(OR(BB12="Missing",BB12="Expired",BD12="Active Issue",BD12="Replacement Risk",BE12="Open Case",BC12="Missing"),"Immediate Action",IF(OR(BB12="Renewal <30d",BB12="Review",BC12="Partial",BD12="Monitor",BE12="Board Review",BA12="Partial"),"Follow Up","Complete")) | BF12: =(BA12<>"Complete")*1+(OR(BB12="Missing",BB12="Expired"))*3+(BB12="Renewal <30d")*2+(BC12<>"Complete")*2+(OR(BD12="Active Issue",BD12="Replacement Risk"))*3+(BE12<>"Clear")*2+(H12="Review")*1
A13: B02-U05 | B13: 2 | C13: Hampshire Lane | D13: 2510 | E13: 2510 Hampshire Lane | F13: 02_UNITS_BY_BUILDING/Building_02/2510_Hampshire_Ln | G13: 2510_Hampshire_Ln | H13: OK | V13: Owner Occupied | Z13: No | AA13: No | AF13: No | AG13: No | AH13: No | AI13: No | AJ13: No | AK13: No | AL13: No | AM13: No | AO13: Healthy | AP13: No | AT13: No | AV13: No | AZ13: =IF(AND(I13<>"",P13<>"",R13<>""),"Complete",IF(COUNTA(I13:R13)=0,"Missing","Partial")) -> Missing | BA13: =IF(OR(Z13<>"Yes",AA13<>"Yes",AE13=""),"Missing",IF(AE13<TODAY(),"Expired",IF(AE13<=TODAY()+30,"Renewal <30d",IF(AND(AF13="Yes",AG13="Yes",AJ13="Yes"),"Verified","Review")))) -> Missing | BB13: =IF(AND(AJ13="Yes",AK13="Yes",AL13="Yes",OR(V13<>"Tenant",AM13="Yes")),"Complete",IF(COUNTIF(AJ13:AM13,"Yes")=0,"Missing","Partial")) -> Missing | BC13: =IF(AP13="Yes","Active Issue",IF(AN13="Replacement Risk","Replacement Risk",IF(AN13="Repair Needed","Repair Needed",IF(AN13="Monitor","Monitor","OK")))) -> OK | BD13: =IF(AT13="Yes","Open Case",IF(AV13="Yes","Board Review","Clear")) -> Clear | BE13: =IF(OR(BB13="Missing",BB13="Expired",BD13="Active Issue",BD13="Replacement Risk",BE13="Open Case",BC13="Missing"),"Immediate Action",IF(OR(BB13="Renewal <30d",BB13="Review",BC13="Partial",BD13="Monitor",BE13="Board Review",BA13="Partial"),"Follow Up","Complete")) | BF13: =(BA13<>"Complete")*1+(OR(BB13="Missing",BB13="Expired"))*3+(BB13="Renewal <30d")*2+(BC13<>"Complete")*2+(OR(BD13="Active Issue",BD13="Replacement Risk"))*3+(BE13<>"Clear")*2+(H13="Review")*1
... A145: B25-U06 | B145: 25 | C145: Nottingham Lane | D145: 2920 | E145: 2920 Nottingham Lane | F145: 02_UNITS_BY_BUILDING/Building_25/2920_Nottingham_Ln | G145: 2920_Nottingham_Ln | H145: OK | V145: Owner Occupied | Z145: No | AA145: No | AF145: No | AG145: No | AH145: No | AI145: No | AJ145: No | AK145: No | AL145: No | AM145: No | AO145: Healthy | AP145: No | AT145: No | AV145: No | AZ145: =IF(AND(I145<>"",P145<>"",R145<>""),"Complete",IF(COUNTA(I145:R145)=0,"Missing","Partial")) -> Missing | BA145: =IF(OR(Z145<>"Yes",AA145<>"Yes",AE145=""),"Missing",IF(AE145<TODAY(),"Expired",IF(AE145<=TODAY()+30,"Renewal <30d",IF(AND(AF145="Yes",AG145="Yes",AJ145="Yes"),"Verified","Review")))) -> Missing | BB145: =IF(AND(AJ145="Yes",AK145="Yes",AL145="Yes",OR(V145<>"Tenant",AM145="Yes")),"Complete",IF(COUNTIF(AJ145:AM145,"Yes")=0,"Missing","Partial")) -> Missing | BC145: =IF(AP145="Yes","Active Issue",IF(AN145="Replacement Risk","Replacement Risk",IF(AN145="Repair Needed","Repair Needed",IF(AN145="Monitor","Monitor","OK")))) -> OK | BD145: =IF(AT145="Yes","Open Case",IF(AV145="Yes","Board Review","Clear")) -> Clear | BE145: =IF(OR(BB145="Missing",BB145="Expired",BD145="Active Issue",BD145="Replacement Risk",BE145="Open Case",BC145="Missing"),"Immediate Action",IF(OR(BB145="Renewal <30d",BB145="Review",BC145="Partial",BD145="Monitor",BE145="Board Review",BA145="Partial"),"Follow Up","Complete")) | BF145: =(BA145<>"Complete")*1+(OR(BB145="Missing",BB145="Expired"))*3+(BB145="Renewal <30d")*2+(BC145<>"Complete")*2+(OR(BD145="Active Issue",BD145="Replacement Risk"))*3+(BE145<>"Clear")*2+(H145="Review")*1

Sheet Board_Dashboard
A1: Quail Valley Townhomes HOA Board Dashboard
A2: Metric | B2: Formula | D2: Metric | E2: Formula
A3: Total Units | B3: =COUNTA(Unit_Master!A2:A145) -> 144 | D3: Insurance Renewal <30d | E3: =COUNTIF(Unit_Master!BB2:BB145,"Renewal <30d") -> 0
A4: Immediate Action | B4: =COUNTIF(Unit_Master!BF2:BF145,"Immediate Action") | D4: Acknowledgment Missing/Partial | E4: =COUNTIF(Unit_Master!BC2:BC145,"Missing")+COUNTIF(Unit_Master!BC2:BC145,"Partial") -> 0
A5: Follow Up | B5: =COUNTIF(Unit_Master!BF2:BF145,"Follow Up") | D5: Open Compliance Cases | E5: =COUNTIF(Unit_Master!BE2:BE145,"Open Case")
A6: Complete | B6: =COUNTIF(Unit_Master!BF2:BF145,"Complete") | D6: Review-Flagged Addresses | E6: =COUNTIF(Unit_Master!H2:H145,"Review") -> 17
A7: Insurance Missing/Expired | B7: =COUNTIF(Unit_Master!BA2:BA145,"Missing")+COUNTIF(Unit_Master!BA2:BA145,"Expired") -> 144 | D7: Buildings with Review Items | E7: =SUMPRODUCT((Building_Checklist!D2:D26>0)*1) -> 3
A10: Board use
A11: 1. Filter Unit_Master by Overall Board Action = Immediate Action before each board meeting.
A12: 2. Use Address Verification Flag to clean up inferred addresses before publishing owner-facing reports.
A13: 3. Store all new declarations pages, roof documents, and signed acknowledgments in the linked unit folders.

Sheet Folder_Manifest
A1: Building No. | B1: Unit Address | C1: Folder Relative Path | D1: Address Verification Flag
A2: 1 | B2: 2402 Hampshire Lane | C2: 02_UNITS_BY_BUILDING/Building_01/2402_Hampshire_Ln | D2: OK
A3: 1 | B3: 2404 Hampshire Lane | C3: 02_UNITS_BY_BUILDING/Building_01/2404_Hampshire_Ln | D3: OK
A4: 1 | B4: 2406 Hampshire Lane | C4: 02_UNITS_BY_BUILDING/Building_01/2406_Hampshire_Ln | D4: OK
A5: 1 | B5: 2408 Hampshire Lane | C5: 02_UNITS_BY_BUILDING/Building_01/2408_Hampshire_Ln | D5: OK
A6: 1 | B6: 2410 Hampshire Lane | C6: 02_UNITS_BY_BUILDING/Building_01/2410_Hampshire_Ln | D6: OK
A7: 1 | B7: 2412 Hampshire Lane | C7: 02_UNITS_BY_BUILDING/Building_01/2412_Hampshire_Ln | D7: OK
A8: 1 | B8: 2414 Hampshire Lane | C8: 02_UNITS_BY_BUILDING/Building_01/2414_Hampshire_Ln | D8: OK
A9: 2 | B9: 2502 Hampshire Lane | C9: 02_UNITS_BY_BUILDING/Building_02/2502_Hampshire_Ln | D9: OK
A10: 2 | B10: 2504 Hampshire Lane | C10: 02_UNITS_BY_BUILDING/Building_02/2504_Hampshire_Ln | D10: OK
A11: 2 | B11: 2506 Hampshire Lane | C11: 02_UNITS_BY_BUILDING/Building_02/2506_Hampshire_Ln | D11: OK
A12: 2 | B12: 2508 Hampshire Lane | C12: 02_UNITS_BY_BUILDING/Building_02/2508_Hampshire_Ln | D12: OK
A13: 2 | B13: 2510 Hampshire Lane | C13: 02_UNITS_BY_BUILDING/Building_02/2510_Hampshire_Ln | D13: OK
... A145: 25 | B145: 2920 Nottingham Lane | C145: 02_UNITS_BY_BUILDING/Building_25/2920_Nottingham_Ln | D145: OK

Sheet Lists_Control
A1: Status logic
A3: Owner Contact Status | B3: Complete = owner last name + primary email + primary phone. Partial = some contact data present. Missing = none present.
A4: Insurance Status | B4: Missing = insurance/proof incomplete. Expired = policy date in past. Renewal <30d = expires within 30 days. Verified = insurance on file + declarations page + liability + dwelling + insurance acknowledgment.
A5: Acknowledgment Status | B5: Complete = insurance acknowledgment + rules acknowledgment + signature/checkoff complete; plus renter registration when occupancy = Tenant.
A6: Roof Action Status | B6: Active Issue overrides all. Then Replacement Risk, Repair Needed, Monitor, OK.
A7: Compliance Status | B7: Open Case when compliance case is open. Board Review when flagged for board review. Otherwise Clear.
A8: Overall Board Action | B8: Immediate Action if expired/missing insurance, missing acknowledgments, active/replacement roof issue, or open case. Follow Up for near-term renewals / review items / monitor items. Complete otherwise.
A9: Address Verification Flag | B9: Buildings 14, 17, and 21 were partially inferred from the provided plat image and should be checked against deed/tax roll before final rollout.
